{
    "mobley_49274": {
        "mdft_energy_pid (kJ/mol)": 14.82, 
        "calc_vdw": 1.427, 
        "calc_h": -10.003642105026302, 
        "d_vdw": 0.026, 
        "PubChemID": 12350, 
        "d_expt": 0.6, 
        "calc_reference": "10.1021/ct800409d", 
        "d_charging": 0.003, 
        "d_calc_s (cal/mol.K)": 2.3577726849789444, 
        "d_calc_h": 0.7024512202976545, 
        "h_solv": -10.154850546331321, 
        "mdft_energy_pc+ (kJ/mol)": -63.86, 
        "expt_reference": "10.1021/ct050097l", 
        "d_calc": 0.027, 
        "calc_s (cal/mol.K)": -35.69559652868121, 
        "d_h_conf": 0.061031981584969267, 
        "functional_at_min (kJ/mol)": -63.859719289380536, 
        "d_h_solv": 0.704585463697242, 
        "mdft_energy_pc (kJ/mol)": -78.68, 
        "d_expt_s (cal/K.mol)": "Not available", 
        "smiles": "CCCCCC#C", 
        "groups": [
            "alkyne"
        ], 
        "h_conf": 0.15377754554083956, 
        "nickname": " hept-1-yne", 
        "expt_h_reference": "Not available", 
        "calc": 0.639, 
        "calc_charging": -0.788, 
        "mdft_energy_pmv (kJ/mol)": -116.06, 
        "notes": [
            "Experimental uncertainty not presently available, so assigned a default value."
        ], 
        "iupac": "hept-1-yne", 
        "expt": 0.6, 
        "expt_s (cal/K.mol)": "Not available", 
        "mdft_energy (kJ/mol)": -63.859719289380536, 
        "expt_h": "Not available", 
        "d_expt_h": "Not available"
    }, 
    "mobley_5857": {
        "mdft_energy_pid (kJ/mol)": 12.11, 
        "calc_vdw": 0.685, 
        "calc_h": -17.064627081108483, 
        "d_vdw": 0.027, 
        "PubChemID": 7047, 
        "d_expt": 0.6, 
        "calc_reference": "10.1021/ct800409d", 
        "d_charging": 0.012, 
        "d_calc_s (cal/mol.K)": 2.368428426908076, 
        "d_calc_h": 0.7055511990575367, 
        "h_solv": -17.308336542473373, 
        "mdft_energy_pc+ (kJ/mol)": -126.69, 
        "expt_reference": "10.1021/ct050097l", 
        "d_calc": 0.029, 
        "calc_s (cal/mol.K)": -40.50185168911113, 
        "d_h_conf": 0.05348553310945259, 
        "functional_at_min (kJ/mol)": -126.68643481846661, 
        "d_h_solv": 0.7070114301218399, 
        "mdft_energy_pc (kJ/mol)": -138.8, 
        "d_expt_s (cal/K.mol)": "Not available", 
        "smiles": "c1ccc2c(c1)cccn2", 
        "groups": [
            "aromatic", 
            "heterocyclic"
        ], 
        "h_conf": 0.26237199180824144, 
        "nickname": " quinoline", 
        "expt_h_reference": "Not available", 
        "calc": -4.989, 
        "calc_charging": -5.674, 
        "mdft_energy_pmv (kJ/mol)": -94.87, 
        "notes": [
            "Experimental uncertainty not presently available, so assigned a default value."
        ], 
        "iupac": "quinoline", 
        "expt": -5.72, 
        "expt_s (cal/K.mol)": "Not available", 
        "mdft_energy (kJ/mol)": -126.68643481846661, 
        "expt_h": "Not available", 
        "d_expt_h": "Not available"
    }, 
    "mobley_20524": {
        "mdft_energy_pid (kJ/mol)": 9.32, 
        "calc_vdw": 1.305, 
        "calc_h": -16.346612753086447, 
        "d_vdw": 0.022, 
        "PubChemID": 996, 
        "d_expt": 0.2, 
        "calc_reference": "10.1021/jp0667442", 
        "d_charging": 0.015, 
        "d_calc_s (cal/mol.K)": 2.3403633244356135, 
        "d_calc_h": 0.697256758052099, 
        "h_solv": -16.4205662226162, 
        "mdft_energy_pc+ (kJ/mol)": -40.09, 
        "expt_reference": "10.1039/P29900000291", 
        "d_calc": 0.027, 
        "calc_s (cal/mol.K)": -35.6854360324885, 
        "d_h_conf": 0.04354638404687942, 
        "functional_at_min (kJ/mol)": -40.08665184764162, 
        "d_h_solv": 0.6986167805050785, 
        "mdft_energy_pc (kJ/mol)": -49.41, 
        "d_expt_s (cal/K.mol)": "Not available", 
        "smiles": "c1ccc(cc1)O", 
        "groups": [
            "phenol or hydroxyhetarene", 
            "aromatic"
        ], 
        "h_conf": 0.07718186625822276, 
        "nickname": " phenol", 
        "expt_h_reference": "Not available", 
        "calc": -5.707, 
        "calc_charging": -7.012, 
        "mdft_energy_pmv (kJ/mol)": -73.04, 
        "notes": [
            "Experimental uncertainty as suggested by 10.1039/P29900000291 -- 0.2 kcal/mol."
        ], 
        "iupac": "phenol", 
        "expt": -6.6, 
        "expt_s (cal/K.mol)": "Not available", 
        "mdft_energy (kJ/mol)": -40.08665184764162, 
        "expt_h": "Not available", 
        "d_expt_h": "Not available"
    }, 
    "mobley_52782": {
        "mdft_energy_pid (kJ/mol)": 8.58, 
        "calc_vdw": -1.567, 
        "calc_h": -20.18286522923154, 
        "d_vdw": 0.025, 
        "PubChemID": 40818, 
        "d_expt": 0.1, 
        "calc_reference": "10.1021/jp806838b", 
        "d_charging": 0.011, 
        "d_calc_s (cal/mol.K)": 2.3507223197990075, 
        "d_calc_h": 0.7003083297288935, 
        "h_solv": -20.279653663531676, 
        "mdft_energy_pc+ (kJ/mol)": -98.28, 
        "expt_reference": "10.1021/jp806724u", 
        "d_calc": 0.028, 
        "calc_s (cal/mol.K)": -46.80820133902915, 
        "d_h_conf": 0.05155766841463003, 
        "functional_at_min (kJ/mol)": -98.2772018376242, 
        "d_h_solv": 0.7018958963328331, 
        "mdft_energy_pc (kJ/mol)": -106.86, 
        "d_expt_s (cal/K.mol)": "Not available", 
        "smiles": "C(CO[N+](=O)[O-])O[N+](=O)[O-]", 
        "groups": [
            "nitrate"
        ], 
        "h_conf": 0.1009812332174995, 
        "nickname": " 1,2-dinitroxyethane", 
        "expt_h_reference": "Not available", 
        "calc": -6.227, 
        "calc_charging": -4.66, 
        "mdft_energy_pmv (kJ/mol)": -67.2, 
        "notes": [
            "Experimental uncertainty not presently available, so assigned a default value.", 
            "Changed IUPAC name from nitroglycol to 1,2-dinitroxyethane for better handling/standardization."
        ], 
        "iupac": "1,2-dinitroxyethane", 
        "expt": -5.73, 
        "expt_s (cal/K.mol)": "Not available", 
        "mdft_energy (kJ/mol)": -98.2772018376242, 
        "expt_h": "Not available", 
        "d_expt_h": "Not available"
    }, 
    "mobley_36119": {
        "mdft_energy_pid (kJ/mol)": 13.22, 
        "calc_vdw": 2.474, 
        "calc_h": -15.670341336703132, 
        "d_vdw": 0.031, 
        "PubChemID": 957, 
        "d_expt": 0.6, 
        "calc_reference": "10.1021/ct800409d", 
        "d_charging": 0.012, 
        "d_calc_s (cal/mol.K)": 2.394744742992099, 
        "d_calc_h": 0.7132301250527545, 
        "h_solv": -16.120666668837487, 
        "mdft_energy_pc+ (kJ/mol)": -290.37, 
        "expt_reference": "10.1021/ct050097l", 
        "d_calc": 0.033, 
        "calc_s (cal/mol.K)": -43.53627817106535, 
        "d_h_conf": 0.07198833261790759, 
        "functional_at_min (kJ/mol)": -290.37314078418314, 
        "d_h_solv": 0.7158490797467039, 
        "mdft_energy_pc (kJ/mol)": -303.59, 
        "d_expt_s (cal/K.mol)": "Not available", 
        "smiles": "CCCCCCCCO", 
        "groups": [
            "primary alcohol"
        ], 
        "h_conf": 0.43673980676061985, 
        "nickname": " octan-1-ol", 
        "expt_h_reference": "Not available", 
        "calc": -2.69, 
        "calc_charging": -5.164, 
        "mdft_energy_pmv (kJ/mol)": -103.54, 
        "notes": [
            "Experimental uncertainty not presently available, so assigned a default value."
        ], 
        "iupac": "octan-1-ol", 
        "expt": -4.09, 
        "expt_s (cal/K.mol)": "Not available", 
        "mdft_energy (kJ/mol)": -290.37314078418314, 
        "expt_h": "Not available", 
        "d_expt_h": "Not available"
    }
}