{"F-":{"expt":-111.13779,"calc":-102.77258},"Cl-":{"expt":-81.26204,"calc":-73.135836},"Br-":{"expt":-75.28689,"calc":-66.682674},"I-":{"expt":-65.72665,"calc":-57.600446},"Li+":{"expt":-113.52785,"calc":-124.28312},"Na+":{"expt":-87.23719,"calc":-98.948484},"K+":{"expt":-70.50677,"calc":-82.935082},"Cs+":{"expt":-59.7515,"calc":-71.7018}}